stem,question_num,answer_num,participant_num,image_path,question_he,full_prompt,vlm_raw_answer_en,used_fallback,fallback_prompt,vlm_answer_en,vlm_answer_he,subject_answer_he,similarity,similarity_percent,comparison_method,subject_answer_en,similarity_labse_he,similarity_labse_he_percent,similarity_en,similarity_en_percent,bertscore_precision,bertscore_recall,bertscore_f1,vlm_model,embed_model,en_he_model,device,timestamp
10_1_11,10,1,11,dataset/images/10_1.png,"הסבירו מדוע בחרתם בתמונה זו כמשקפת את המשפט "" השינוי נעשה   ""","You are an expert in systems thinking.
Look at the image carefully and answer the following question in English.
Focus on relationships, interactions, feedback loops, and decision dynamics visible in or implied by the image.

Question: הסבירו מדוע בחרתם בתמונה זו כמשקפת את המשפט "" השינוי נעשה   ""","The phrase you mentioned translates to ""the change is made"" from Hebrew into English. The chosen photograph seems to reflect this statement through its depiction of different stages of human life - infancy (a baby), childhood (children's faces), adolescence (adolescent face) , adulthood (adults' faces). This sequence illustrates how individuals go through various phases over time which can be seen as changes happening within their lives. 

Moreover, each stage has unique characteristics that contribute towards overall development process; for instance youth brings energy & creativity while maturity provides wisdom & experience etceteras . Henceforth it represents continuous evolution where every individual experiences growth transformation throughout lifetime thus making us understand 'change happens'.",False,,"The phrase you mentioned translates to ""the change is made"" from Hebrew into English. The chosen photograph seems to reflect this statement through its depiction of different stages of human life - infancy (a baby), childhood (children's faces), adolescence (adolescent face) , adulthood (adults' faces). This sequence illustrates how individuals go through various phases over time which can be seen as changes happening within their lives. Moreover, each stage has unique characteristics that contribute towards overall development process; for instance youth brings energy & creativity while maturity provides wisdom & experience etceteras . Henceforth it represents continuous evolution where every individual experiences growth transformation throughout lifetime thus making us understand 'change happens'.","הביטוי שהזכרת מתרגם ל ""השינוי נעשה"" בעברית לאנגלית. התמונה הנבחרת משקפת את ההצהרה הזו דרך תיאורה של שלבים שונים של חיי אדם - ינקות (תינוק), ילדות (פני ילדים), גיל ההתבגרות (פני גיל ההתבגרות), בגרות (Adults' faces). רצף זה ממחיש כיצד אנשים עוברים שלבים שונים לאורך זמן",השינוי ניכר לעין,0.6065578460693359,60.66,multilingual semantic embedding cosine similarity,The change is apparent,0.35434311628341675,35.43,0.5326554775238037,53.27,0.7883,0.8715,0.8278,Qwen/Qwen2-VL-7B-Instruct,sentence-transformers/paraphrase-multilingual-mpnet-base-v2,Helsinki-NLP/opus-mt-en-he,cuda,2026-02-27T12:48:07
10_1_14,10,1,14,dataset/images/10_1.png,"הסבירו מדוע בחרתם בתמונה זו כמשקפת את המשפט "" השינוי נעשה   ""","You are an expert in systems thinking.
Look at the image carefully and answer the following question in English.
Focus on relationships, interactions, feedback loops, and decision dynamics visible in or implied by the image.

Question: הסבירו מדוע בחרתם בתמונה זו כמשקפת את המשפט "" השינוי נעשה   ""","The phrase you mentioned translates to ""the change is made"" from Hebrew into English. The chosen photograph seems to reflect this statement through its depiction of different stages of human life - infancy (a baby), childhood (children's faces), adolescence (adolescent face) , adulthood (adults' faces). This sequence illustrates how individuals go through various phases over time which can be seen as changes happening within their lives. 

Moreover, each stage has unique characteristics that contribute towards overall development process; for instance youth brings energy & creativity while maturity provides wisdom & experience etceteras . Henceforth it represents continuous evolution where every individual experiences growth transformation throughout lifetime thus making us understand 'change happens'.",False,,"The phrase you mentioned translates to ""the change is made"" from Hebrew into English. The chosen photograph seems to reflect this statement through its depiction of different stages of human life - infancy (a baby), childhood (children's faces), adolescence (adolescent face) , adulthood (adults' faces). This sequence illustrates how individuals go through various phases over time which can be seen as changes happening within their lives. Moreover, each stage has unique characteristics that contribute towards overall development process; for instance youth brings energy & creativity while maturity provides wisdom & experience etceteras . Henceforth it represents continuous evolution where every individual experiences growth transformation throughout lifetime thus making us understand 'change happens'.","הביטוי שהזכרת מתרגם ל ""השינוי נעשה"" בעברית לאנגלית. התמונה הנבחרת משקפת את ההצהרה הזו דרך תיאורה של שלבים שונים של חיי אדם - ינקות (תינוק), ילדות (פני ילדים), גיל ההתבגרות (פני גיל ההתבגרות), בגרות (Adults' faces). רצף זה ממחיש כיצד אנשים עוברים שלבים שונים לאורך זמן",אבולציה של אנשים,0.4223438501358032,42.23,multilingual semantic embedding cosine similarity,People's Evolution,0.16506093740463257,16.51,0.39639580249786377,39.64,0.7718,0.8454,0.8069,Qwen/Qwen2-VL-7B-Instruct,sentence-transformers/paraphrase-multilingual-mpnet-base-v2,Helsinki-NLP/opus-mt-en-he,cuda,2026-02-27T12:49:01
10_1_21,10,1,21,dataset/images/10_1.png,"הסבירו מדוע בחרתם בתמונה זו כמשקפת את המשפט "" השינוי נעשה   ""","You are an expert in systems thinking.
Look at the image carefully and answer the following question in English.
Focus on relationships, interactions, feedback loops, and decision dynamics visible in or implied by the image.

Question: הסבירו מדוע בחרתם בתמונה זו כמשקפת את המשפט "" השינוי נעשה   ""","The phrase you mentioned translates to ""the change is made"" from Hebrew into English. The chosen photograph seems to reflect this statement through its depiction of different stages of human life - infancy (a baby), childhood (children's faces), adolescence (adolescent face) , adulthood (adults' faces). This sequence illustrates how individuals go through various phases over time which can be seen as changes happening within their lives. 

Moreover, each stage has unique characteristics that contribute towards overall development process; for instance youth brings energy & creativity while maturity provides wisdom & experience etceteras . Henceforth it represents continuous evolution where every individual experiences growth transformation throughout lifetime thus making us understand 'change happens'.",False,,"The phrase you mentioned translates to ""the change is made"" from Hebrew into English. The chosen photograph seems to reflect this statement through its depiction of different stages of human life - infancy (a baby), childhood (children's faces), adolescence (adolescent face) , adulthood (adults' faces). This sequence illustrates how individuals go through various phases over time which can be seen as changes happening within their lives. Moreover, each stage has unique characteristics that contribute towards overall development process; for instance youth brings energy & creativity while maturity provides wisdom & experience etceteras . Henceforth it represents continuous evolution where every individual experiences growth transformation throughout lifetime thus making us understand 'change happens'.","הביטוי שהזכרת מתרגם ל ""השינוי נעשה"" בעברית לאנגלית. התמונה הנבחרת משקפת את ההצהרה הזו דרך תיאורה של שלבים שונים של חיי אדם - ינקות (תינוק), ילדות (פני ילדים), גיל ההתבגרות (פני גיל ההתבגרות), בגרות (Adults' faces). רצף זה ממחיש כיצד אנשים עוברים שלבים שונים לאורך זמן",קצב היזדקנות של בן אדם,0.5604453086853027,56.04,multilingual semantic embedding cosine similarity,A person's ageing rate,0.2567119002342224,25.67,0.25264212489128113,25.26,0.7925,0.8612,0.8255,Qwen/Qwen2-VL-7B-Instruct,sentence-transformers/paraphrase-multilingual-mpnet-base-v2,Helsinki-NLP/opus-mt-en-he,cuda,2026-02-27T12:49:47
10_1_22,10,1,22,dataset/images/10_1.png,"הסבירו מדוע בחרתם בתמונה זו כמשקפת את המשפט "" השינוי נעשה   ""","You are an expert in systems thinking.
Look at the image carefully and answer the following question in English.
Focus on relationships, interactions, feedback loops, and decision dynamics visible in or implied by the image.

Question: הסבירו מדוע בחרתם בתמונה זו כמשקפת את המשפט "" השינוי נעשה   ""","The phrase you mentioned translates to ""the change is made"" from Hebrew into English. The chosen photograph seems to reflect this statement through its depiction of different stages of human life - infancy (a baby), childhood (children's faces), adolescence (adolescent face) , adulthood (adults' faces). This sequence illustrates how individuals go through various phases over time which can be seen as changes happening within their lives. 

Moreover, each stage has unique characteristics that contribute towards overall development process; for instance youth brings energy & creativity while maturity provides wisdom & experience etceteras . Henceforth it represents continuous evolution where every individual experiences growth transformation throughout lifetime thus making us understand 'change happens'.",False,,"The phrase you mentioned translates to ""the change is made"" from Hebrew into English. The chosen photograph seems to reflect this statement through its depiction of different stages of human life - infancy (a baby), childhood (children's faces), adolescence (adolescent face) , adulthood (adults' faces). This sequence illustrates how individuals go through various phases over time which can be seen as changes happening within their lives. Moreover, each stage has unique characteristics that contribute towards overall development process; for instance youth brings energy & creativity while maturity provides wisdom & experience etceteras . Henceforth it represents continuous evolution where every individual experiences growth transformation throughout lifetime thus making us understand 'change happens'.","הביטוי שהזכרת מתרגם ל ""השינוי נעשה"" בעברית לאנגלית. התמונה הנבחרת משקפת את ההצהרה הזו דרך תיאורה של שלבים שונים של חיי אדם - ינקות (תינוק), ילדות (פני ילדים), גיל ההתבגרות (פני גיל ההתבגרות), בגרות (Adults' faces). רצף זה ממחיש כיצד אנשים עוברים שלבים שונים לאורך זמן",כי רואים את השינוי וההתפתחות של האדם,0.6318903565406799,63.19,multilingual semantic embedding cosine similarity,Because one sees the change and development of the human being.,0.34939172863960266,34.94,0.6511725783348083,65.12,0.8055,0.8969,0.8487,Qwen/Qwen2-VL-7B-Instruct,sentence-transformers/paraphrase-multilingual-mpnet-base-v2,Helsinki-NLP/opus-mt-en-he,cuda,2026-02-27T12:50:35
10_1_24,10,1,24,dataset/images/10_1.png,"הסבירו מדוע בחרתם בתמונה זו כמשקפת את המשפט "" השינוי נעשה   ""","You are an expert in systems thinking.
Look at the image carefully and answer the following question in English.
Focus on relationships, interactions, feedback loops, and decision dynamics visible in or implied by the image.

Question: הסבירו מדוע בחרתם בתמונה זו כמשקפת את המשפט "" השינוי נעשה   ""","The phrase you mentioned translates to ""the change is made"" from Hebrew into English. The chosen photograph seems to reflect this statement through its depiction of different stages of human life - infancy (a baby), childhood (children's faces), adolescence (adolescent face) , adulthood (adults' faces). This sequence illustrates how individuals go through various phases over time which can be seen as changes happening within their lives. 

Moreover, each stage has unique characteristics that contribute towards overall development process; for instance youth brings energy & creativity while maturity provides wisdom & experience etceteras . Henceforth it represents continuous evolution where every individual experiences growth transformation throughout lifetime thus making us understand 'change happens'.",False,,"The phrase you mentioned translates to ""the change is made"" from Hebrew into English. The chosen photograph seems to reflect this statement through its depiction of different stages of human life - infancy (a baby), childhood (children's faces), adolescence (adolescent face) , adulthood (adults' faces). This sequence illustrates how individuals go through various phases over time which can be seen as changes happening within their lives. Moreover, each stage has unique characteristics that contribute towards overall development process; for instance youth brings energy & creativity while maturity provides wisdom & experience etceteras . Henceforth it represents continuous evolution where every individual experiences growth transformation throughout lifetime thus making us understand 'change happens'.","הביטוי שהזכרת מתרגם ל ""השינוי נעשה"" בעברית לאנגלית. התמונה הנבחרת משקפת את ההצהרה הזו דרך תיאורה של שלבים שונים של חיי אדם - ינקות (תינוק), ילדות (פני ילדים), גיל ההתבגרות (פני גיל ההתבגרות), בגרות (Adults' faces). רצף זה ממחיש כיצד אנשים עוברים שלבים שונים לאורך זמן",האדם הולך וגדל,0.43184372782707214,43.18,multilingual semantic embedding cosine similarity,The man is growing,0.23042961955070496,23.04,0.25856974720954895,25.86,0.7806,0.8614,0.819,Qwen/Qwen2-VL-7B-Instruct,sentence-transformers/paraphrase-multilingual-mpnet-base-v2,Helsinki-NLP/opus-mt-en-he,cuda,2026-02-27T12:51:26
10_1_26,10,1,26,dataset/images/10_1.png,"הסבירו מדוע בחרתם בתמונה זו כמשקפת את המשפט "" השינוי נעשה   ""","You are an expert in systems thinking.
Look at the image carefully and answer the following question in English.
Focus on relationships, interactions, feedback loops, and decision dynamics visible in or implied by the image.

Question: הסבירו מדוע בחרתם בתמונה זו כמשקפת את המשפט "" השינוי נעשה   ""","The phrase you mentioned translates to ""the change is made"" from Hebrew into English. The chosen photograph seems to reflect this statement through its depiction of different stages of human life - infancy (a baby), childhood (children's faces), adolescence (adolescent face) , adulthood (adults' faces). This sequence illustrates how individuals go through various phases over time which can be seen as changes happening within their lives. 

Moreover, each stage has unique characteristics that contribute towards overall development process; for instance youth brings energy & creativity while maturity provides wisdom & experience etceteras . Henceforth it represents continuous evolution where every individual experiences growth transformation throughout lifetime thus making us understand 'change happens'.",False,,"The phrase you mentioned translates to ""the change is made"" from Hebrew into English. The chosen photograph seems to reflect this statement through its depiction of different stages of human life - infancy (a baby), childhood (children's faces), adolescence (adolescent face) , adulthood (adults' faces). This sequence illustrates how individuals go through various phases over time which can be seen as changes happening within their lives. Moreover, each stage has unique characteristics that contribute towards overall development process; for instance youth brings energy & creativity while maturity provides wisdom & experience etceteras . Henceforth it represents continuous evolution where every individual experiences growth transformation throughout lifetime thus making us understand 'change happens'.","הביטוי שהזכרת מתרגם ל ""השינוי נעשה"" בעברית לאנגלית. התמונה הנבחרת משקפת את ההצהרה הזו דרך תיאורה של שלבים שונים של חיי אדם - ינקות (תינוק), ילדות (פני ילדים), גיל ההתבגרות (פני גיל ההתבגרות), בגרות (Adults' faces). רצף זה ממחיש כיצד אנשים עוברים שלבים שונים לאורך זמן",האדם מתבגר ועובר שינויים,0.6849926710128784,68.5,multilingual semantic embedding cosine similarity,People grow up and go through changes.,0.3714820146560669,37.15,0.5513986349105835,55.14,0.7968,0.8866,0.8393,Qwen/Qwen2-VL-7B-Instruct,sentence-transformers/paraphrase-multilingual-mpnet-base-v2,Helsinki-NLP/opus-mt-en-he,cuda,2026-02-27T12:52:19
10_1_36,10,1,36,dataset/images/10_1.png,"הסבירו מדוע בחרתם בתמונה זו כמשקפת את המשפט "" השינוי נעשה   ""","You are an expert in systems thinking.
Look at the image carefully and answer the following question in English.
Focus on relationships, interactions, feedback loops, and decision dynamics visible in or implied by the image.

Question: הסבירו מדוע בחרתם בתמונה זו כמשקפת את המשפט "" השינוי נעשה   ""","The phrase you mentioned translates to ""the change is made"" from Hebrew into English. The chosen photograph seems to reflect this statement through its depiction of different stages of human life - infancy (a baby), childhood (children's faces), adolescence (adolescent face) , adulthood (adults' faces). This sequence illustrates how individuals go through various phases over time which can be seen as changes happening within their lives. 

Moreover, each stage has unique characteristics that contribute towards overall development process; for instance youth brings energy & creativity while maturity provides wisdom & experience etceteras . Henceforth it represents continuous evolution where every individual experiences growth transformation throughout lifetime thus making us understand 'change happens'.",False,,"The phrase you mentioned translates to ""the change is made"" from Hebrew into English. The chosen photograph seems to reflect this statement through its depiction of different stages of human life - infancy (a baby), childhood (children's faces), adolescence (adolescent face) , adulthood (adults' faces). This sequence illustrates how individuals go through various phases over time which can be seen as changes happening within their lives. Moreover, each stage has unique characteristics that contribute towards overall development process; for instance youth brings energy & creativity while maturity provides wisdom & experience etceteras . Henceforth it represents continuous evolution where every individual experiences growth transformation throughout lifetime thus making us understand 'change happens'.","הביטוי שהזכרת מתרגם ל ""השינוי נעשה"" בעברית לאנגלית. התמונה הנבחרת משקפת את ההצהרה הזו דרך תיאורה של שלבים שונים של חיי אדם - ינקות (תינוק), ילדות (פני ילדים), גיל ההתבגרות (פני גיל ההתבגרות), בגרות (Adults' faces). רצף זה ממחיש כיצד אנשים עוברים שלבים שונים לאורך זמן",כל דור והקשיים שלו זה משתנה גם במראה,0.6128942966461182,61.29,multilingual semantic embedding cosine similarity,Every generation and its difficulties It also changes in appearance,0.36061203479766846,36.06,0.5936732292175293,59.37,0.7918,0.8368,0.8137,Qwen/Qwen2-VL-7B-Instruct,sentence-transformers/paraphrase-multilingual-mpnet-base-v2,Helsinki-NLP/opus-mt-en-he,cuda,2026-02-27T12:53:17
10_1_37,10,1,37,dataset/images/10_1.png,"הסבירו מדוע בחרתם בתמונה זו כמשקפת את המשפט "" השינוי נעשה   ""","You are an expert in systems thinking.
Look at the image carefully and answer the following question in English.
Focus on relationships, interactions, feedback loops, and decision dynamics visible in or implied by the image.

Question: הסבירו מדוע בחרתם בתמונה זו כמשקפת את המשפט "" השינוי נעשה   ""","The phrase you mentioned translates to ""the change is made"" from Hebrew into English. The chosen photograph seems to reflect this statement through its depiction of different stages of human life - infancy (a baby), childhood (children's faces), adolescence (adolescent face) , adulthood (adults' faces). This sequence illustrates how individuals go through various phases over time which can be seen as changes happening within their lives. 

Moreover, each stage has unique characteristics that contribute towards overall development process; for instance youth brings energy & creativity while maturity provides wisdom & experience etceteras . Henceforth it represents continuous evolution where every individual experiences growth transformation throughout lifetime thus making us understand 'change happens'.",False,,"The phrase you mentioned translates to ""the change is made"" from Hebrew into English. The chosen photograph seems to reflect this statement through its depiction of different stages of human life - infancy (a baby), childhood (children's faces), adolescence (adolescent face) , adulthood (adults' faces). This sequence illustrates how individuals go through various phases over time which can be seen as changes happening within their lives. Moreover, each stage has unique characteristics that contribute towards overall development process; for instance youth brings energy & creativity while maturity provides wisdom & experience etceteras . Henceforth it represents continuous evolution where every individual experiences growth transformation throughout lifetime thus making us understand 'change happens'.","הביטוי שהזכרת מתרגם ל ""השינוי נעשה"" בעברית לאנגלית. התמונה הנבחרת משקפת את ההצהרה הזו דרך תיאורה של שלבים שונים של חיי אדם - ינקות (תינוק), ילדות (פני ילדים), גיל ההתבגרות (פני גיל ההתבגרות), בגרות (Adults' faces). רצף זה ממחיש כיצד אנשים עוברים שלבים שונים לאורך זמן",אנחנו גדלים ומשתנים.,0.5387561917304993,53.88,multilingual semantic embedding cosine similarity,We grow and change.,0.3105567693710327,31.06,0.4994787573814392,49.95,0.7897,0.8823,0.8334,Qwen/Qwen2-VL-7B-Instruct,sentence-transformers/paraphrase-multilingual-mpnet-base-v2,Helsinki-NLP/opus-mt-en-he,cuda,2026-02-27T12:54:02
10_1_49,10,1,49,dataset/images/10_1.png,"הסבירו מדוע בחרתם בתמונה זו כמשקפת את המשפט "" השינוי נעשה   ""","You are an expert in systems thinking.
Look at the image carefully and answer the following question in English.
Focus on relationships, interactions, feedback loops, and decision dynamics visible in or implied by the image.

Question: הסבירו מדוע בחרתם בתמונה זו כמשקפת את המשפט "" השינוי נעשה   ""","The phrase you mentioned translates to ""the change is made"" from Hebrew into English. The chosen photograph seems to reflect this statement through its depiction of different stages of human life - infancy (a baby), childhood (children's faces), adolescence (adolescent face) , adulthood (adults' faces). This sequence illustrates how individuals go through various phases over time which can be seen as changes happening within their lives. 

Moreover, each stage has unique characteristics that contribute towards overall development process; for instance youth brings energy & creativity while maturity provides wisdom & experience etceteras . Henceforth it represents continuous evolution where every individual experiences growth transformation throughout lifetime thus making us understand 'change happens'.",False,,"The phrase you mentioned translates to ""the change is made"" from Hebrew into English. The chosen photograph seems to reflect this statement through its depiction of different stages of human life - infancy (a baby), childhood (children's faces), adolescence (adolescent face) , adulthood (adults' faces). This sequence illustrates how individuals go through various phases over time which can be seen as changes happening within their lives. Moreover, each stage has unique characteristics that contribute towards overall development process; for instance youth brings energy & creativity while maturity provides wisdom & experience etceteras . Henceforth it represents continuous evolution where every individual experiences growth transformation throughout lifetime thus making us understand 'change happens'.","הביטוי שהזכרת מתרגם ל ""השינוי נעשה"" בעברית לאנגלית. התמונה הנבחרת משקפת את ההצהרה הזו דרך תיאורה של שלבים שונים של חיי אדם - ינקות (תינוק), ילדות (פני ילדים), גיל ההתבגרות (פני גיל ההתבגרות), בגרות (Adults' faces). רצף זה ממחיש כיצד אנשים עוברים שלבים שונים לאורך זמן",כי ברגע שמזדקנים אין דרך חזרה להיות צעיר,0.5894094109535217,58.94,multilingual semantic embedding cosine similarity,Because once you get old there's no going back to being young.,0.3012494444847107,30.12,0.3311513662338257,33.12,0.7941,0.8306,0.8119,Qwen/Qwen2-VL-7B-Instruct,sentence-transformers/paraphrase-multilingual-mpnet-base-v2,Helsinki-NLP/opus-mt-en-he,cuda,2026-02-27T12:54:45
10_1_52,10,1,52,dataset/images/10_1.png,"הסבירו מדוע בחרתם בתמונה זו כמשקפת את המשפט "" השינוי נעשה   ""","You are an expert in systems thinking.
Look at the image carefully and answer the following question in English.
Focus on relationships, interactions, feedback loops, and decision dynamics visible in or implied by the image.

Question: הסבירו מדוע בחרתם בתמונה זו כמשקפת את המשפט "" השינוי נעשה   ""","The phrase you mentioned translates to ""the change is made"" from Hebrew into English. The chosen photograph seems to reflect this statement through its depiction of different stages of human life - infancy (a baby), childhood (children's faces), adolescence (adolescent face) , adulthood (adults' faces). This sequence illustrates how individuals go through various phases over time which can be seen as changes happening within their lives. 

Moreover, each stage has unique characteristics that contribute towards overall development process; for instance youth brings energy & creativity while maturity provides wisdom & experience etceteras . Henceforth it represents continuous evolution where every individual experiences growth transformation throughout lifetime thus making us understand 'change happens'.",False,,"The phrase you mentioned translates to ""the change is made"" from Hebrew into English. The chosen photograph seems to reflect this statement through its depiction of different stages of human life - infancy (a baby), childhood (children's faces), adolescence (adolescent face) , adulthood (adults' faces). This sequence illustrates how individuals go through various phases over time which can be seen as changes happening within their lives. Moreover, each stage has unique characteristics that contribute towards overall development process; for instance youth brings energy & creativity while maturity provides wisdom & experience etceteras . Henceforth it represents continuous evolution where every individual experiences growth transformation throughout lifetime thus making us understand 'change happens'.","הביטוי שהזכרת מתרגם ל ""השינוי נעשה"" בעברית לאנגלית. התמונה הנבחרת משקפת את ההצהרה הזו דרך תיאורה של שלבים שונים של חיי אדם - ינקות (תינוק), ילדות (פני ילדים), גיל ההתבגרות (פני גיל ההתבגרות), בגרות (Adults' faces). רצף זה ממחיש כיצד אנשים עוברים שלבים שונים לאורך זמן",התמונה הזו ממחישה בצורה ישירה וברורה את רעיון השינוי,0.5525376796722412,55.25,multilingual semantic embedding cosine similarity,This image directly and clearly illustrates the idea of change,0.509194016456604,50.92,0.5833166241645813,58.33,0.8011,0.8855,0.8412,Qwen/Qwen2-VL-7B-Instruct,sentence-transformers/paraphrase-multilingual-mpnet-base-v2,Helsinki-NLP/opus-mt-en-he,cuda,2026-02-27T12:55:28
10_1_54,10,1,54,dataset/images/10_1.png,"הסבירו מדוע בחרתם בתמונה זו כמשקפת את המשפט "" השינוי נעשה   ""","You are an expert in systems thinking.
Look at the image carefully and answer the following question in English.
Focus on relationships, interactions, feedback loops, and decision dynamics visible in or implied by the image.

Question: הסבירו מדוע בחרתם בתמונה זו כמשקפת את המשפט "" השינוי נעשה   ""","The phrase you mentioned translates to ""the change is made"" from Hebrew into English. The chosen photograph seems to reflect this statement through its depiction of different stages of human life - infancy (a baby), childhood (children's faces), adolescence (adolescent face) , adulthood (adults' faces). This sequence illustrates how individuals go through various phases over time which can be seen as changes happening within their lives. 

Moreover, each stage has unique characteristics that contribute towards overall development process; for instance youth brings energy & creativity while maturity provides wisdom & experience etceteras . Henceforth it represents continuous evolution where every individual experiences growth transformation throughout lifetime thus making us understand 'change happens'.",False,,"The phrase you mentioned translates to ""the change is made"" from Hebrew into English. The chosen photograph seems to reflect this statement through its depiction of different stages of human life - infancy (a baby), childhood (children's faces), adolescence (adolescent face) , adulthood (adults' faces). This sequence illustrates how individuals go through various phases over time which can be seen as changes happening within their lives. Moreover, each stage has unique characteristics that contribute towards overall development process; for instance youth brings energy & creativity while maturity provides wisdom & experience etceteras . Henceforth it represents continuous evolution where every individual experiences growth transformation throughout lifetime thus making us understand 'change happens'.","הביטוי שהזכרת מתרגם ל ""השינוי נעשה"" בעברית לאנגלית. התמונה הנבחרת משקפת את ההצהרה הזו דרך תיאורה של שלבים שונים של חיי אדם - ינקות (תינוק), ילדות (פני ילדים), גיל ההתבגרות (פני גיל ההתבגרות), בגרות (Adults' faces). רצף זה ממחיש כיצד אנשים עוברים שלבים שונים לאורך זמן",רואים את השינוי במראה לפי הגיל,0.5565093755722046,55.65,multilingual semantic embedding cosine similarity,You can see the change in appearance by age.,0.5070891380310059,50.71,0.5014190673828125,50.14,0.8033,0.8817,0.8407,Qwen/Qwen2-VL-7B-Instruct,sentence-transformers/paraphrase-multilingual-mpnet-base-v2,Helsinki-NLP/opus-mt-en-he,cuda,2026-02-27T12:56:11
10_1_58,10,1,58,dataset/images/10_1.png,"הסבירו מדוע בחרתם בתמונה זו כמשקפת את המשפט "" השינוי נעשה   ""","You are an expert in systems thinking.
Look at the image carefully and answer the following question in English.
Focus on relationships, interactions, feedback loops, and decision dynamics visible in or implied by the image.

Question: הסבירו מדוע בחרתם בתמונה זו כמשקפת את המשפט "" השינוי נעשה   ""","The phrase you mentioned translates to ""the change is made"" from Hebrew into English. The chosen photograph seems to reflect this statement through its depiction of different stages of human life - infancy (a baby), childhood (children's faces), adolescence (adolescent face) , adulthood (adults' faces). This sequence illustrates how individuals go through various phases over time which can be seen as changes happening within their lives. 

Moreover, each stage has unique characteristics that contribute towards overall development process; for instance youth brings energy & creativity while maturity provides wisdom & experience etceteras . Henceforth it represents continuous evolution where every individual experiences growth transformation throughout lifetime thus making us understand 'change happens'.",False,,"The phrase you mentioned translates to ""the change is made"" from Hebrew into English. The chosen photograph seems to reflect this statement through its depiction of different stages of human life - infancy (a baby), childhood (children's faces), adolescence (adolescent face) , adulthood (adults' faces). This sequence illustrates how individuals go through various phases over time which can be seen as changes happening within their lives. Moreover, each stage has unique characteristics that contribute towards overall development process; for instance youth brings energy & creativity while maturity provides wisdom & experience etceteras . Henceforth it represents continuous evolution where every individual experiences growth transformation throughout lifetime thus making us understand 'change happens'.","הביטוי שהזכרת מתרגם ל ""השינוי נעשה"" בעברית לאנגלית. התמונה הנבחרת משקפת את ההצהרה הזו דרך תיאורה של שלבים שונים של חיי אדם - ינקות (תינוק), ילדות (פני ילדים), גיל ההתבגרות (פני גיל ההתבגרות), בגרות (Adults' faces). רצף זה ממחיש כיצד אנשים עוברים שלבים שונים לאורך זמן",התמונה מציגה את תהליך החיים של בן אדם מהילדות ועד הזקנה ומראה שהשינוי כבר התרחש בפועל ואי אפשר לחזור אחורה.,0.7005367279052734,70.05,multilingual semantic embedding cosine similarity,The picture shows a person's life process from childhood to old age and shows that change has already taken place and it is impossible to go back.,0.5517600774765015,55.18,0.606716513633728,60.67,0.8291,0.8716,0.8498,Qwen/Qwen2-VL-7B-Instruct,sentence-transformers/paraphrase-multilingual-mpnet-base-v2,Helsinki-NLP/opus-mt-en-he,cuda,2026-02-27T12:56:54
10_1_59,10,1,59,dataset/images/10_1.png,"הסבירו מדוע בחרתם בתמונה זו כמשקפת את המשפט "" השינוי נעשה   ""","You are an expert in systems thinking.
Look at the image carefully and answer the following question in English.
Focus on relationships, interactions, feedback loops, and decision dynamics visible in or implied by the image.

Question: הסבירו מדוע בחרתם בתמונה זו כמשקפת את המשפט "" השינוי נעשה   ""","The phrase you mentioned translates to ""the change is made"" from Hebrew into English. The chosen photograph seems to reflect this statement through its depiction of different stages of human life - infancy (a baby), childhood (children's faces), adolescence (adolescent face) , adulthood (adults' faces). This sequence illustrates how individuals go through various phases over time which can be seen as changes happening within their lives. 

Moreover, each stage has unique characteristics that contribute towards overall development process; for instance youth brings energy & creativity while maturity provides wisdom & experience etceteras . Henceforth it represents continuous evolution where every individual experiences growth transformation throughout lifetime thus making us understand 'change happens'.",False,,"The phrase you mentioned translates to ""the change is made"" from Hebrew into English. The chosen photograph seems to reflect this statement through its depiction of different stages of human life - infancy (a baby), childhood (children's faces), adolescence (adolescent face) , adulthood (adults' faces). This sequence illustrates how individuals go through various phases over time which can be seen as changes happening within their lives. Moreover, each stage has unique characteristics that contribute towards overall development process; for instance youth brings energy & creativity while maturity provides wisdom & experience etceteras . Henceforth it represents continuous evolution where every individual experiences growth transformation throughout lifetime thus making us understand 'change happens'.","הביטוי שהזכרת מתרגם ל ""השינוי נעשה"" בעברית לאנגלית. התמונה הנבחרת משקפת את ההצהרה הזו דרך תיאורה של שלבים שונים של חיי אדם - ינקות (תינוק), ילדות (פני ילדים), גיל ההתבגרות (פני גיל ההתבגרות), בגרות (Adults' faces). רצף זה ממחיש כיצד אנשים עוברים שלבים שונים לאורך זמן",בחרתי בתמונה של האדם שמתבגר משום שבה בעיני הכי מורגש זה שאי אפשר להחזיר את הגלגל לאחור. ברגע שהאדם כבר מזדקן אי אפשר ״לבטל״ את השינוי שהוא עבר.,0.5106637477874756,51.07,multilingual semantic embedding cosine similarity,"I chose the image of the person who is growing up because in my eyes it is most noticeable that it is impossible to turn back the wheel. Once the person is already getting older it is impossible to ""cancel"" the change he has gone through.",0.36836278438568115,36.84,0.5670390129089355,56.7,0.8185,0.8477,0.8329,Qwen/Qwen2-VL-7B-Instruct,sentence-transformers/paraphrase-multilingual-mpnet-base-v2,Helsinki-NLP/opus-mt-en-he,cuda,2026-02-27T12:57:38
10_1_61,10,1,61,dataset/images/10_1.png,"הסבירו מדוע בחרתם בתמונה זו כמשקפת את המשפט "" השינוי נעשה   ""","You are an expert in systems thinking.
Look at the image carefully and answer the following question in English.
Focus on relationships, interactions, feedback loops, and decision dynamics visible in or implied by the image.

Question: הסבירו מדוע בחרתם בתמונה זו כמשקפת את המשפט "" השינוי נעשה   ""","The phrase you mentioned translates to ""the change is made"" from Hebrew into English. The chosen photograph seems to reflect this statement through its depiction of different stages of human life - infancy (a baby), childhood (children's faces), adolescence (adolescent face) , adulthood (adults' faces). This sequence illustrates how individuals go through various phases over time which can be seen as changes happening within their lives. 

Moreover, each stage has unique characteristics that contribute towards overall development process; for instance youth brings energy & creativity while maturity provides wisdom & experience etceteras . Henceforth it represents continuous evolution where every individual experiences growth transformation throughout lifetime thus making us understand 'change happens'.",False,,"The phrase you mentioned translates to ""the change is made"" from Hebrew into English. The chosen photograph seems to reflect this statement through its depiction of different stages of human life - infancy (a baby), childhood (children's faces), adolescence (adolescent face) , adulthood (adults' faces). This sequence illustrates how individuals go through various phases over time which can be seen as changes happening within their lives. Moreover, each stage has unique characteristics that contribute towards overall development process; for instance youth brings energy & creativity while maturity provides wisdom & experience etceteras . Henceforth it represents continuous evolution where every individual experiences growth transformation throughout lifetime thus making us understand 'change happens'.","הביטוי שהזכרת מתרגם ל ""השינוי נעשה"" בעברית לאנגלית. התמונה הנבחרת משקפת את ההצהרה הזו דרך תיאורה של שלבים שונים של חיי אדם - ינקות (תינוק), ילדות (פני ילדים), גיל ההתבגרות (פני גיל ההתבגרות), בגרות (Adults' faces). רצף זה ממחיש כיצד אנשים עוברים שלבים שונים לאורך זמן","זקנה הוא תהליך בלתי הפיך, לעמות צלחת שבורה שאפשר לדביק בחזרה או למחזר. פרח אפשר לשקם. ושיכרות הינה השפעה זמנית.",0.39224016666412354,39.22,multilingual semantic embedding cosine similarity,"Old age is an irreversible process, for a broken plate can be glued back or recycled. A flower can be rehabilitated. And drunkenness is a temporary effect.",0.156494140625,15.65,0.3184751868247986,31.85,0.801,0.8387,0.8194,Qwen/Qwen2-VL-7B-Instruct,sentence-transformers/paraphrase-multilingual-mpnet-base-v2,Helsinki-NLP/opus-mt-en-he,cuda,2026-02-27T12:58:22
10_2_15,10,2,15,dataset/images/10_2.png,"הסבירו מדוע בחרתם בתמונה זו כמשקפת את המשפט "" השינוי נעשה   ""","You are an expert in systems thinking.
Look at the image carefully and answer the following question in English.
Focus on relationships, interactions, feedback loops, and decision dynamics visible in or implied by the image.

Question: הסבירו מדוע בחרתם בתמונה זו כמשקפת את המשפט "" השינוי נעשה   ""","The photograph captures four stages of flower development from bud to wilted state over time (from top left clockwise). This sequence illustrates how change happens through different phases - growth, maturity, decline, and eventual decay. The progression shows that every stage is part of nature's cycle where each phase leads into another until it eventually ends with death; this mirrors our understanding about life processes being continuous yet finite cycles within ecosystems. Thus, the selected picture effectively represents transformation as described above because it visually demonstrates these natural transitions occurring sequentially across multiple states.",False,,"The photograph captures four stages of flower development from bud to wilted state over time (from top left clockwise). This sequence illustrates how change happens through different phases - growth, maturity, decline, and eventual decay. The progression shows that every stage is part of nature's cycle where each phase leads into another until it eventually ends with death; this mirrors our understanding about life processes being continuous yet finite cycles within ecosystems. Thus, the selected picture effectively represents transformation as described above because it visually demonstrates these natural transitions occurring sequentially across multiple states.","התמונה לוכדת ארבעה שלבים של התפתחות הפרחים מבאד למצב נבול לאורך זמן (מנקודת כיוון השעון השמאלית העליונה). רצף זה ממחיש כיצד שינוי מתרחש בין שלבים שונים - צמיחה, בגרות, הידרדרות וריקבון בסופו של דבר. ההתקדמות מראה שכל שלב הוא חלק מהמחזור השמאלי העליון של הטבע שבו כל שלב מוביל למשנהו עד שבסופו של דבר מסתיים במוות;",רואים שהפרח היה פורח ואלט לאט נבל כי לא השקו אותו,0.41969937086105347,41.97,multilingual semantic embedding cosine similarity,You can see that the flower was blooming and slowly a harp because it wasn't watered.,0.2587392032146454,25.87,0.4290861487388611,42.91,0.8041,0.8504,0.8266,Qwen/Qwen2-VL-7B-Instruct,sentence-transformers/paraphrase-multilingual-mpnet-base-v2,Helsinki-NLP/opus-mt-en-he,cuda,2026-02-27T12:59:06
10_2_17,10,2,17,dataset/images/10_2.png,"הסבירו מדוע בחרתם בתמונה זו כמשקפת את המשפט "" השינוי נעשה   ""","You are an expert in systems thinking.
Look at the image carefully and answer the following question in English.
Focus on relationships, interactions, feedback loops, and decision dynamics visible in or implied by the image.

Question: הסבירו מדוע בחרתם בתמונה זו כמשקפת את המשפט "" השינוי נעשה   ""","The photograph captures four stages of flower development from bud to wilted state over time (from top left clockwise). This sequence illustrates how change happens through different phases - growth, maturity, decline, and eventual decay. The progression shows that every stage is part of nature's cycle where each phase leads into another until it eventually ends with death; this mirrors our understanding about life processes being continuous yet finite cycles within ecosystems. Thus, the selected picture effectively represents transformation as described above because it visually demonstrates these natural transitions occurring sequentially across multiple states.",False,,"The photograph captures four stages of flower development from bud to wilted state over time (from top left clockwise). This sequence illustrates how change happens through different phases - growth, maturity, decline, and eventual decay. The progression shows that every stage is part of nature's cycle where each phase leads into another until it eventually ends with death; this mirrors our understanding about life processes being continuous yet finite cycles within ecosystems. Thus, the selected picture effectively represents transformation as described above because it visually demonstrates these natural transitions occurring sequentially across multiple states.","התמונה לוכדת ארבעה שלבים של התפתחות הפרחים מבאד למצב נבול לאורך זמן (מנקודת כיוון השעון השמאלית העליונה). רצף זה ממחיש כיצד שינוי מתרחש בין שלבים שונים - צמיחה, בגרות, הידרדרות וריקבון בסופו של דבר. ההתקדמות מראה שכל שלב הוא חלק מהמחזור השמאלי העליון של הטבע שבו כל שלב מוביל למשנהו עד שבסופו של דבר מסתיים במוות;",שהפרח פורח,0.42606136202812195,42.61,multilingual semantic embedding cosine similarity,That the flower blooms,0.3448030352592468,34.48,0.5736525058746338,57.37,0.7942,0.8637,0.8275,Qwen/Qwen2-VL-7B-Instruct,sentence-transformers/paraphrase-multilingual-mpnet-base-v2,Helsinki-NLP/opus-mt-en-he,cuda,2026-02-27T12:59:39
10_2_19,10,2,19,dataset/images/10_2.png,"הסבירו מדוע בחרתם בתמונה זו כמשקפת את המשפט "" השינוי נעשה   ""","You are an expert in systems thinking.
Look at the image carefully and answer the following question in English.
Focus on relationships, interactions, feedback loops, and decision dynamics visible in or implied by the image.

Question: הסבירו מדוע בחרתם בתמונה זו כמשקפת את המשפט "" השינוי נעשה   ""","The photograph captures four stages of flower development from bud to wilted state over time (from top left clockwise). This sequence illustrates how change happens through different phases - growth, maturity, decline, and eventual decay. The progression shows that every stage is part of nature's cycle where each phase leads into another until it eventually ends with death; this mirrors our understanding about life processes being continuous yet finite cycles within ecosystems. Thus, the selected picture effectively represents transformation as described above because it visually demonstrates these natural transitions occurring sequentially across multiple states.",False,,"The photograph captures four stages of flower development from bud to wilted state over time (from top left clockwise). This sequence illustrates how change happens through different phases - growth, maturity, decline, and eventual decay. The progression shows that every stage is part of nature's cycle where each phase leads into another until it eventually ends with death; this mirrors our understanding about life processes being continuous yet finite cycles within ecosystems. Thus, the selected picture effectively represents transformation as described above because it visually demonstrates these natural transitions occurring sequentially across multiple states.","התמונה לוכדת ארבעה שלבים של התפתחות הפרחים מבאד למצב נבול לאורך זמן (מנקודת כיוון השעון השמאלית העליונה). רצף זה ממחיש כיצד שינוי מתרחש בין שלבים שונים - צמיחה, בגרות, הידרדרות וריקבון בסופו של דבר. ההתקדמות מראה שכל שלב הוא חלק מהמחזור השמאלי העליון של הטבע שבו כל שלב מוביל למשנהו עד שבסופו של דבר מסתיים במוות;",השינוי נעשה זה שניתן לראות התחלה וסוף ובין לבין רואים את התהליך ואת הקיצוניות.,0.4727437496185303,47.27,multilingual semantic embedding cosine similarity,Change is made that one can see beginning and end and in between one sees the process and the extreme.,0.41987311840057373,41.99,0.42083021998405457,42.08,0.8082,0.8509,0.829,Qwen/Qwen2-VL-7B-Instruct,sentence-transformers/paraphrase-multilingual-mpnet-base-v2,Helsinki-NLP/opus-mt-en-he,cuda,2026-02-27T13:00:12
10_2_20,10,2,20,dataset/images/10_2.png,"הסבירו מדוע בחרתם בתמונה זו כמשקפת את המשפט "" השינוי נעשה   ""","You are an expert in systems thinking.
Look at the image carefully and answer the following question in English.
Focus on relationships, interactions, feedback loops, and decision dynamics visible in or implied by the image.

Question: הסבירו מדוע בחרתם בתמונה זו כמשקפת את המשפט "" השינוי נעשה   ""","The photograph captures four stages of flower development from bud to wilted state over time (from top left clockwise). This sequence illustrates how change happens through different phases - growth, maturity, decline, and eventual decay. The progression shows that every stage is part of nature's cycle where each phase leads into another until it eventually ends with death; this mirrors our understanding about life processes being continuous yet finite cycles within ecosystems. Thus, the selected picture effectively represents transformation as described above because it visually demonstrates these natural transitions occurring sequentially across multiple states.",False,,"The photograph captures four stages of flower development from bud to wilted state over time (from top left clockwise). This sequence illustrates how change happens through different phases - growth, maturity, decline, and eventual decay. The progression shows that every stage is part of nature's cycle where each phase leads into another until it eventually ends with death; this mirrors our understanding about life processes being continuous yet finite cycles within ecosystems. Thus, the selected picture effectively represents transformation as described above because it visually demonstrates these natural transitions occurring sequentially across multiple states.","התמונה לוכדת ארבעה שלבים של התפתחות הפרחים מבאד למצב נבול לאורך זמן (מנקודת כיוון השעון השמאלית העליונה). רצף זה ממחיש כיצד שינוי מתרחש בין שלבים שונים - צמיחה, בגרות, הידרדרות וריקבון בסופו של דבר. ההתקדמות מראה שכל שלב הוא חלק מהמחזור השמאלי העליון של הטבע שבו כל שלב מוביל למשנהו עד שבסופו של דבר מסתיים במוות;",רואים בבירור איך השינוי נעשה מתמונה לתמונה,0.5299699306488037,53.0,multilingual semantic embedding cosine similarity,You can clearly see how the change is made from picture to picture.,0.427118182182312,42.71,0.369235634803772,36.92,0.8062,0.8655,0.8348,Qwen/Qwen2-VL-7B-Instruct,sentence-transformers/paraphrase-multilingual-mpnet-base-v2,Helsinki-NLP/opus-mt-en-he,cuda,2026-02-27T13:00:47
